PRAGMA foreign_keys=OFF;
DELETE FROM "_emdash_collections";
INSERT INTO "_emdash_collections" ("id","slug","label","label_singular","description","icon","supports","source","created_at","updated_at","search_config","has_seo","url_pattern","comments_enabled","comments_moderation","comments_closed_after_days","comments_auto_approve_users") VALUES ('01KNAMWKHFJ5NY66XMFRQTXS6M','projects','Projects','Project',NULL,NULL,'["drafts","revisions","search","seo"]','seed','2026-04-03 21:44:48','2026-04-03 21:44:48','{"enabled":true}',1,NULL,0,'first_time',90,1);
INSERT INTO "_emdash_collections" ("id","slug","label","label_singular","description","icon","supports","source","created_at","updated_at","search_config","has_seo","url_pattern","comments_enabled","comments_moderation","comments_closed_after_days","comments_auto_approve_users") VALUES ('01KNAMWKJBAKM4J85MS0JDHQ1K','pages','Pages','Page',NULL,NULL,'["drafts","revisions","search"]','seed','2026-04-03 21:44:48','2026-04-03 21:44:48','{"enabled":true}',0,NULL,0,'first_time',90,1);
DELETE FROM "_emdash_fields";
INSERT INTO "_emdash_fields" ("id","collection_id","slug","label","type","column_type","required","unique","default_value","validation","widget","options","sort_order","created_at","searchable","translatable") VALUES ('01KNAMWKHQ8N8QCJ0F26AWZHBM','01KNAMWKHFJ5NY66XMFRQTXS6M','title','Title','string','TEXT',1,0,NULL,NULL,NULL,NULL,0,'2026-04-03 21:44:48',1,1);
INSERT INTO "_emdash_fields" ("id","collection_id","slug","label","type","column_type","required","unique","default_value","validation","widget","options","sort_order","created_at","searchable","translatable") VALUES ('01KNAMWKHV47Y5PJQGHQA46NRQ','01KNAMWKHFJ5NY66XMFRQTXS6M','featured_image','Featured Image','image','TEXT',1,0,NULL,NULL,NULL,NULL,1,'2026-04-03 21:44:48',0,1);
INSERT INTO "_emdash_fields" ("id","collection_id","slug","label","type","column_type","required","unique","default_value","validation","widget","options","sort_order","created_at","searchable","translatable") VALUES ('01KNAMWKHXNM6JEF56GYMDSMR9','01KNAMWKHFJ5NY66XMFRQTXS6M','client','Client','string','TEXT',0,0,NULL,NULL,NULL,NULL,2,'2026-04-03 21:44:48',0,1);
INSERT INTO "_emdash_fields" ("id","collection_id","slug","label","type","column_type","required","unique","default_value","validation","widget","options","sort_order","created_at","searchable","translatable") VALUES ('01KNAMWKJ064P1PWZ3FD2HJ59C','01KNAMWKHFJ5NY66XMFRQTXS6M','year','Year','string','TEXT',0,0,NULL,NULL,NULL,NULL,3,'2026-04-03 21:44:48',0,1);
INSERT INTO "_emdash_fields" ("id","collection_id","slug","label","type","column_type","required","unique","default_value","validation","widget","options","sort_order","created_at","searchable","translatable") VALUES ('01KNAMWKJ2E993K5HJTTX6RBXA','01KNAMWKHFJ5NY66XMFRQTXS6M','summary','Summary','text','TEXT',0,0,NULL,NULL,NULL,NULL,4,'2026-04-03 21:44:48',1,1);
INSERT INTO "_emdash_fields" ("id","collection_id","slug","label","type","column_type","required","unique","default_value","validation","widget","options","sort_order","created_at","searchable","translatable") VALUES ('01KNAMWKJ49NS7KFHMSMM7DJ6T','01KNAMWKHFJ5NY66XMFRQTXS6M','content','Content','portableText','JSON',0,0,NULL,NULL,NULL,NULL,5,'2026-04-03 21:44:48',1,1);
INSERT INTO "_emdash_fields" ("id","collection_id","slug","label","type","column_type","required","unique","default_value","validation","widget","options","sort_order","created_at","searchable","translatable") VALUES ('01KNAMWKJ7TABDVERZ49Q59T4F','01KNAMWKHFJ5NY66XMFRQTXS6M','gallery','Gallery','json','JSON',0,0,NULL,NULL,NULL,NULL,6,'2026-04-03 21:44:48',0,1);
INSERT INTO "_emdash_fields" ("id","collection_id","slug","label","type","column_type","required","unique","default_value","validation","widget","options","sort_order","created_at","searchable","translatable") VALUES ('01KNAMWKJ9TH7Y5ZV4K2FKPNFR','01KNAMWKHFJ5NY66XMFRQTXS6M','url','Project URL','string','TEXT',0,0,NULL,NULL,NULL,NULL,7,'2026-04-03 21:44:48',0,1);
INSERT INTO "_emdash_fields" ("id","collection_id","slug","label","type","column_type","required","unique","default_value","validation","widget","options","sort_order","created_at","searchable","translatable") VALUES ('01KNAMWKJE15707J5A71F396RV','01KNAMWKJBAKM4J85MS0JDHQ1K','title','Title','string','TEXT',1,0,NULL,NULL,NULL,NULL,0,'2026-04-03 21:44:48',1,1);
INSERT INTO "_emdash_fields" ("id","collection_id","slug","label","type","column_type","required","unique","default_value","validation","widget","options","sort_order","created_at","searchable","translatable") VALUES ('01KNAMWKJH187T2X0APZFXP4KZ','01KNAMWKJBAKM4J85MS0JDHQ1K','content','Content','portableText','JSON',0,0,NULL,NULL,NULL,NULL,1,'2026-04-03 21:44:48',1,1);
DELETE FROM "_emdash_fts_pages";
INSERT INTO "_emdash_fts_pages" ("id","locale","title","content") VALUES ('01KNAMWTW9VMBSWT89XYQM62F3','en','About','[{"_type":"block","style":"normal","children":[{"_type":"span","text":"Craft & Co is a Portland design studio founded in 2019. We believe great design starts with listening — to your story, your customers, and the details that make your brand uniquely yours. We work with food & beverage, outdoor, and lifestyle brands."}]},{"_type":"block","style":"normal","children":[{"_type":"span","text":"Our approach is rooted in craft and intention. We spend time understanding what makes your business different, then we create visual identities and experiences that feel genuine and memorable. Every project is a collaboration."}]},{"_type":"block","style":"h2","children":[{"_type":"span","text":"What we do"}]},{"_type":"block","style":"normal","children":[{"_type":"span","text":"We specialize in brand identity design, web design, packaging design, and custom illustration. Whether you''re launching a new brand or refreshing an established one, we bring the same level of care and attention to detail."}]}]');
DELETE FROM "_emdash_fts_pages_config";
INSERT INTO "_emdash_fts_pages_config" ("k","v") VALUES ('version',4);
DELETE FROM "_emdash_fts_pages_data";
INSERT INTO "_emdash_fts_pages_data" ("id","block") VALUES (1,X'020000028222');
INSERT INTO "_emdash_fts_pages_data" ("id","block") VALUES (10,X'000000000102020002010101020101');
INSERT INTO "_emdash_fts_pages_data" ("id","block") VALUES (137438953473,X'000003cc0530323031390106010313010161010a01030d4f280204626f7574010601020202016e010801038105030164011201032011131207261802077070726f616368010601033b02057474656e74010801038110010662656c696576010601031503057665726167010601032d02046c6f636b010c010303322c0d020472616e64010c0103260d43120303696e670108010381090203757369010601034901046361726501080103810e020768696c6472656e010c010306322c0d02016f010601030b03066c6c61626f72010601035b020472616674010801030a370303656174010601034d02057573746f6d010801031f5d010664657369676e010e01030f0a5f040403047461696c01080103227202056966666572010601034a02016f0106010366010965737461626c697368010801038106020476657269010601035702057870657269010601035101046665656c010601035302036f6f64010601032c0303756e640106010311010667656e75696e0106010354020472656174010601031601026832010601035f01056964656e74010801034f2602066c6c75737472010601037b02016e010a0103122e35030474656e740106010341020173010a01030c321f01066c61756e6368010601037f02046576656c01080103810c02076966657374796c010601033003047374656e010601031a01046d616b650108010324250204656d6f72010601035601036e657701080103810102056f726d616c010a010305323701026f6601080103810d02016e01080103810702017201080103810302027572010601033a030574646f6f72010601032e01067061636b6167010601037702076f72746c616e64010601030e0206726f6a656374010601035801027265010601037e0305667265736801080103810402036f6f74010601033d010473616d6501080103810b020370616e010c010308322c0d0305656369616c010601037004026e640106010343020474617274010601031803036f7269010601031d03047564696f01060103100303796c65010c010304322c0d010474657874010c010309322c0d020368617401080103233103016501080103216b04016e010601034b0203696d65010601034402016f010801031b7802037970650114010302072d0727070807010a756e6465727374616e64010601034503036971750106010327010676697375616c010601034e010277650112010314171b0c1b0c1b0301620106010375020368617401080103462003056574686572010601037c020369746801080103191402036f726b010601032a0103796f75010601037d040172010e01031c04090522040b0a0b090e0e0d0d0c0e0e0b0a0c11080d0c0a0d110c0c08110b0c0b0a0a0d0b090d0d0a0b0a0d0c0e0b0c0b0b0e0a0909090c0d0e0d090d0a0c0d0c090b0a0b0d0e0b09080a0911110a0d0f080b0c0b0a0a');
INSERT INTO "_emdash_fts_pages_data" ("id","block") VALUES (274877906945,X'000003cc0530323031390106010313010161010a01030d4f280204626f7574010601020202016e010801038105030164011201032011131207261802077070726f616368010601033b02057474656e74010801038110010662656c696576010601031503057665726167010601032d02046c6f636b010c010303322c0d020472616e64010c0103260d43120303696e670108010381090203757369010601034901046361726501080103810e020768696c6472656e010c010306322c0d02016f010601030b03066c6c61626f72010601035b020472616674010801030a370303656174010601034d02057573746f6d010801031f5d010664657369676e010e01030f0a5f040403047461696c01080103227202056966666572010601034a02016f0106010366010965737461626c697368010801038106020476657269010601035702057870657269010601035101046665656c010601035302036f6f64010601032c0303756e640106010311010667656e75696e0106010354020472656174010601031601026832010601035f01056964656e74010801034f2602066c6c75737472010601037b02016e010a0103122e35030474656e740106010341020173010a01030c321f01066c61756e6368010601037f02046576656c01080103810c02076966657374796c010601033003047374656e010601031a01046d616b650108010324250204656d6f72010601035601036e657701080103810102056f726d616c010a010305323701026f6601080103810d02016e01080103810702017201080103810302027572010601033a030574646f6f72010601032e01067061636b6167010601037702076f72746c616e64010601030e0206726f6a656374010601035801027265010601037e0305667265736801080103810402036f6f74010601033d010473616d6501080103810b020370616e010c010308322c0d0305656369616c010601037004026e640106010343020474617274010601031803036f7269010601031d03047564696f01060103100303796c65010c010304322c0d010474657874010c010309322c0d020368617401080103233103016501080103216b04016e010601034b0203696d65010601034402016f010801031b7802037970650114010302072d0727070807010a756e6465727374616e64010601034503036971750106010327010676697375616c010601034e010277650112010314171b0c1b0c1b0301620106010375020368617401080103462003056574686572010601037c020369746801080103191402036f726b010601032a0103796f75010601037d040172010e01031c04090522040b0a0b090e0e0d0d0c0e0e0b0a0c11080d0c0a0d110c0c08110b0c0b0a0a0d0b090d0d0a0b0a0d0c0e0b0c0b0b0e0a0909090c0d0e0d090d0a0c0d0c090b0a0b0d0e0b09080a0911110a0d0f080b0c0b0a0a');
DELETE FROM "_emdash_fts_pages_docsize";
INSERT INTO "_emdash_fts_pages_docsize" ("id","sz") VALUES (1,X'0000018111');
DELETE FROM "_emdash_fts_pages_idx";
INSERT INTO "_emdash_fts_pages_idx" ("segid","term","pgno") VALUES (1,X'',2);
INSERT INTO "_emdash_fts_pages_idx" ("segid","term","pgno") VALUES (2,X'',2);
DELETE FROM "_emdash_fts_projects";
INSERT INTO "_emdash_fts_projects" ("id","locale","title","summary","content") VALUES ('01KNAMWTWJWN3B9SA8SZGS1ZZC','en','Timber Brewing Co','Complete brand identity and packaging design for a craft brewery focused on sustainability and heritage.','[{"_type":"block","style":"normal","children":[{"_type":"span","text":"Timber Brewing Co is a new craft brewery in Portland committed to using local ingredients and sustainable practices. They needed a visual identity that reflected their values while standing out in a crowded market."}]},{"_type":"block","style":"h2","children":[{"_type":"span","text":"The identity"}]},{"_type":"block","style":"normal","children":[{"_type":"span","text":"We created a wordmark inspired by timber grain and brewing tradition, paired with a warm, earthy color palette. The mark works at any scale and translates beautifully to their can and bottle designs."}]},{"_type":"block","style":"h2","children":[{"_type":"span","text":"Packaging"}]},{"_type":"block","style":"normal","children":[{"_type":"span","text":"The packaging extends the identity with custom illustrations that reference the brewery''s sourcing practices. Each beer style has a unique illustration, making the collection feel cohesive yet distinct."}]}]');
INSERT INTO "_emdash_fts_projects" ("id","locale","title","summary","content") VALUES ('01KNAMWTWVZZ2HHREYTW9WKSAS','en','Fern & Moss','E-commerce website design for an online plant shop specializing in rare and unusual houseplants.','[{"_type":"block","style":"normal","children":[{"_type":"span","text":"Fern & Moss is an online plant shop built on the belief that unusual plants deserve equally unusual homes. They needed an e-commerce website that felt like browsing a curated collection rather than shopping a catalog."}]},{"_type":"block","style":"h2","children":[{"_type":"span","text":"Design approach"}]},{"_type":"block","style":"normal","children":[{"_type":"span","text":"We designed the site to showcase each plant as a character. Large photography, minimal text, and an organic layout create an immersive browsing experience. The color palette shifts subtly based on plant type, creating natural categories without cluttering the interface."}]},{"_type":"block","style":"h2","children":[{"_type":"span","text":"Features"}]},{"_type":"block","style":"normal","children":[{"_type":"span","text":"Custom care guides for each plant, a plant identification tool, and a community forum where collectors share photos of their plants. The site has increased engagement and repeat purchases."}]}]');
INSERT INTO "_emdash_fts_projects" ("id","locale","title","summary","content") VALUES ('01KNAMWTX1Z06SG557P7STKCRF','en','Mountain Journal','Editorial design for a quarterly outdoor magazine celebrating mountain culture and environmental storytelling.','[{"_type":"block","style":"normal","children":[{"_type":"span","text":"Mountain Journal is a quarterly publication dedicated to mountain culture, environmental conservation, and the people who live in and care for mountain communities."}]},{"_type":"block","style":"h2","children":[{"_type":"span","text":"The design system"}]},{"_type":"block","style":"normal","children":[{"_type":"span","text":"We developed a flexible design system that uses bold typography, generous white space, and a restrained color palette. Each issue explores a new region, and the design adapts while maintaining a consistent visual language."}]},{"_type":"block","style":"h2","children":[{"_type":"span","text":"Layout philosophy"}]},{"_type":"block","style":"normal","children":[{"_type":"span","text":"We prioritize the photography and editorial content, using a modular grid that adapts to different story types. Pull quotes and callouts are treated as design elements, breaking up the rhythm of longer features."}]}]');
INSERT INTO "_emdash_fts_projects" ("id","locale","title","summary","content") VALUES ('01KNAMWTX8RF6YXAX6Q713AWSX','en','Nomad Coffee','Complete rebrand for a specialty coffee roaster expanding from their Portland roastery to national distribution.','[{"_type":"block","style":"normal","children":[{"_type":"span","text":"Nomad Coffee started as a local roastery but quickly gained a following for their single-origin beans and commitment to direct trade. They needed a rebrand that could scale nationally while maintaining their craft authenticity."}]},{"_type":"block","style":"h2","children":[{"_type":"span","text":"The mark"}]},{"_type":"block","style":"normal","children":[{"_type":"span","text":"We created a simplified wordmark that feels both timeless and contemporary. The accompanying badge system allows flexibility for different product lines and collaborations."}]},{"_type":"block","style":"h2","children":[{"_type":"span","text":"Packaging and collateral"}]},{"_type":"block","style":"normal","children":[{"_type":"span","text":"Custom bag designs feature origin maps and tasting notes, turning each product into a storytelling opportunity. A refined color palette and consistent typography create a premium feel that supports their direct trade positioning."}]}]');
INSERT INTO "_emdash_fts_projects" ("id","locale","title","summary","content") VALUES ('01KNAMWTXAFRZTDJPDN03Y38AJ','en','Pacific Trails','Wayfinding and signage system design for a 40,000-acre state park spanning three distinct ecosystems.','[{"_type":"block","style":"normal","children":[{"_type":"span","text":"Pacific Trails State Park encompasses forests, wetlands, and coastal bluffs. The park needed a comprehensive wayfinding system that could guide visitors across diverse landscapes while respecting the natural environment."}]},{"_type":"block","style":"h2","children":[{"_type":"span","text":"System design"}]},{"_type":"block","style":"normal","children":[{"_type":"span","text":"We developed a modular signage system using natural materials and minimal visual hierarchy. Each zone uses distinct colors derived from the landscape, helping visitors understand which ecosystem they''re in."}]},{"_type":"block","style":"h2","children":[{"_type":"span","text":"Implementation"}]},{"_type":"block","style":"normal","children":[{"_type":"span","text":"Custom trail maps, marker designs, and interpretive signage create a cohesive experience that encourages exploration while providing clear navigation. The system uses locally-sourced cedar and weather-resistant finishes for durability and sustainability."}]}]');
DELETE FROM "_emdash_fts_projects_config";
INSERT INTO "_emdash_fts_projects_config" ("k","v") VALUES ('version',4);
DELETE FROM "_emdash_fts_projects_data";
INSERT INTO "_emdash_fts_projects_data" ("id","block") VALUES (1,X'0a00001681148a6a');
INSERT INTO "_emdash_fts_projects_data" ("id","block") VALUES (10,X'000000000106070006010101020101030101040101050101060102');
INSERT INTO "_emdash_fts_projects_data" ("id","block") VALUES (137438953473,X'000003f4023061011601030901040e120d190d3a02026e6401140103050c0104192f120803016901060104540201740106010453010b62656175746966756c6c6901060104580302657201080104810002046c6f636b010e0104032c0c2b0b02046f74746c010601045d020472616e64010601030303026577010e01020301040b3e0503657269010e01030b0104116c0201790106010443010363616e010601045b020768696c6472656e010e0104062c0c2b0b02016f010c01020401040c030368657301080104810a03056c6c65637401080104810804026f72010601044e03046d6d697401060104140404706c65740106010302020472616674010c01030a0104100303656174010601043f03036f7764010601042a02057573746f6d0106010476010664657369676e010c01030701045e0207697374696e637401080104810c010465616368010601047f030472746869010601044d02057874656e64010601047201046665656c01080104810902046f637573010601030c03017201060103080105677261696e010601044501026832010801042f350201610108010481020206657269746167010601031001056964656e740110010304010420174102066c6c7573747201080104771002016e0108010412180305677265646901060104180304737069720106010442020173010601040d01056c6f63616c010601041701046d616b650108010481060302726b010601045105026574010601042b01046e656564010601041d030177010601040f02056f726d616c010a010405363401026f6e010601030d02027574010601042701067061636b6167010e0103060104670c03026972010601044903046c657474010601044f02076f72746c616e6401060104130206726163746963010801041b6501057265666572010601047904046c6563740106010422010173010601047c020463616c65010601045502046f757263010601047d020370616e010e0104082c0c2b0b020474616e6401060104260303796c6501100104042c0c2b0b19020675737461696e010c01030e01041a010474657874010e0104092c0c2b0b020368617401080104215903016501100104341e2205090f040169010601041c0501720108010423390205696d626572010e01020201040a3c02016f01080104154602057261646974010601044804056e736c61740106010457020379706501180104020727070707260706070105756e6971750108010481040201730106010416010476616c7501060104240205697375616c010601041f01047761726d010601044c020165010601043e020468696c6501060104250203697468010801044a2d02076f72646d61726b010601044104016b0106010452010379657401080104810b0410100808120a0f0b0b0d0e080a120b0b0d090b0b0e0a0a0c100f0b0b0c0c0b080c0a090d110e090c0b080c0c09090b080e090911090b0e0e0c0b080b0b0e0b0f100f0b0d080910090c0c130d080b0c0b080b0b0e08');
INSERT INTO "_emdash_fts_projects_data" ("id","block") VALUES (274877906945,X'00000434023061020e010426081f380702016e021201030701040d133406030164021001030e01044f361202077070726f61636802060104370201730206010448010462617365020601045d0205656c696566020601041402046c6f636b020e0104032e0c320b0204726f7773020801042533020475696c740206010411010463617265020601047a030574616c6f67020601042d040565676f726902060104630206686172616374020601044a0306696c6472656e020e0104062e0c320b02066c7574746572020601046502066f6c6c656374020601042808026f7202080104810804026f72020601045903056d6d657263020c0103030104200502756e0208010481050204726561740208010453100204757261740206010427030473746f6d020601047901066465736572760206010418040369676e020e0103050104360d010165020c01030201041f020361636802080104463902046e67616702080104811202047175616c02060104190205787065726902060104570106666561747572020601047003026c7402060104230302726e020c01020201040a02026f72020c01030601047c0402756d020801048106010467756964020601047b0102683202080104313c02016102080104811002036f6d65020601041b0305757365706c020601031001076964656e74696602080104810102056d6d657273020601045502016e020601030c0305637265617302080104811103067465726661630206010467020173020601040c01046c617267020601044b0304796f757402060104520203696b65020601042401056d696e696d020601044d02036f7373020c01020301040b01056e6174757202060104620203656564020601041d02056f726d616c020a010405383b01026f6602080104810b02016e02080104124e03036c696e020c01030801040e02047267616e0206010451010670616c657474020601045a0204686f746f02080104810a0606677261706869020601044c02046c616e74021801030901040f0a321a21040f0206757263686173020801048115010472617265020601030d030474686572020601042902056570656174020801048114010573686172650208010481090303696674020601045b03026f70020e01030a0104101d0404776361730206010445020369746502080104434e020370616e020e0104082e0c320b0305656369616c020601030b020474796c65020e0104042e0c320b02057562746c69020601045c01047465787402100104092e0c11230b020368616e020601042a04017402080104150f030165020e0104133118102a040169020601041c05017202080104810c02016f020601044403026f6c0208010481020203797065021a0104020729070707250a0706070105756e757375020e01030f01041606010277650206010440030462736974020c01030401042102046865726502080104810702066974686f75740206010464040c0e0d0e080b0c0f0c0b0b0c0c0d110d0d0a090f0a0c0b0b0d0e0b0b0c0b0c0d090c0c0a0b0a090a0c0f0c080d0d080b0b0a0c0d0c0a0e0a090d0b0d0c0d140e0b0b0d0d0a0d0b0b0e0c0f0c100a090c0809080a1410090e0c');
INSERT INTO "_emdash_fts_projects_data" ("id","block") VALUES (412316860417,X'000003f6023061031601030501040d2b0e090b20020464617074030801044f2702026e64031601030c01041608270d2211020172030601047d020173030601047f0105626c6f636b030e010403210d2c0c02036f6c64030601043c02047265616b030801048102010763616c6c6f7574030601047c03027265030601041d0205656c6562720306010309020768696c6472656e030e010406210d2c0c02046f6c6f72030601044403046d6d756e030601042003056e73657276030601041505036973740306010453040474656e74030601046e0205756c747572030c01030b01041301056465646963030601041003047369676e031201030301042a101834030576656c6f700306010435020569666665720306010476010465616368030601044602066469746f7269030c01030201046d02066c656d656e74030801048101020a6e7669726f6e6d656e74030c01030d010414020578706c6f720306010448010666656174757203080104810802066c657869626c030601043702026f72030c01030401041e010567656e6572030601043e02037269640306010472010268320308010424370102696e030601041b020173030601040c03027375030601044701076a6f75726e616c030c01020301040b01076c616e6775616703060104550304796f7574030601045e0203697665030601041a02056f6e67657203080104810701076d6167617a696e03060103080306696e7461696e030601045102066f64756c617203060104710306756e7461696e031601020201030a01040a0a0f01036e6577030601044a02056f726d616c030a0104052c3601026f6603080104810602067574646f6f720306010307010670616c65747403060104450204656f706c0306010418020968696c6f736f706869030601045f03096f746f677261706869030601046b020672696f7269740306010469020575626c6963030601040f03026c6c03060104790109717561727465726c69030c01030601040e03026f74030601047a0106726567696f6e030601044b030673747261696e03060104430205687974686d03080104810501057370616365030601044004016e030e010408210d2c0c0204746f7269030601047705047974656c030601030e0303796c65030e010404210d2c0c0205797374656d030801042b10010474657874030e010409210d2c0c0203686174030801043a3b030165030e01041714261f1c02016f030801041166020472656174030601047e0203797065031a010402071c070807270707071504076f677261706869030601043d01027570030801048103020173030801043b36010676697375616c030601045401027765030801043436020468696c65030601045004027465030601043f03016f030601041904100c110808100a0c0e090c120b0b0c0a0b0f0c110c0c0b100e140c0e0d0c0c0a0a090809110e0b0a0d0e0d0d150a0e0a0d0d0b10100d0c0913090d0d0d0c0c0b0b0e0d0f0b0c090b140e0a090d0a0b09');
INSERT INTO "_emdash_fts_projects_data" ("id","block") VALUES (549755813889,X'00000435023061041801030501040e08102137050a020863636f6d70616e69040601044b02046c6c6f77040601044e02026e64041001041b2f0e0d1210020173040601040d0206757468656e74040601042c010462616467040601044c030167040601046a020365616e040601041a02046c6f636b040e0104032d0c210d02036f7468040601044602027574040601041101086368696c6472656e040e0104062d0c210d02046f666665041201020301030701040b03066c6c61626f7204060104550603746572040601046004026f72040601047b03046d6d6974040601041c0404706c6574040601030203056e73697374040601047e040974656d706f7261726904060104490303756c640406010425020472616674040601042b030365617404080104404202057573746f6d0406010469010664657369676e040601046b020569666665720406010451030472656374040801041e6b0307737472696275740406010310010465616368040601047302057870616e6404060103090106666561747572040601046c0302656c04080104454002066c657869626c040601044f02056f6c6c6f770406010415030172040e0103040104163c0203726f6d040601030a01046761696e04060104130102683204080104302b0104696e746f040601047501046c696e65040601045302046f63616c040601040f01086d61696e7461696e0406010429030170040601046e0302726b040601043601066e6174696f6e040c01030f0104270203656564040601042102046f6d6164040c01020201040a0304726d616c040a010405372c03027465040601047101086f70706f7274756e04060104780205726967696e04080104195601067061636b6167040601045e03046c657474040601047c02076f72746c616e64040601030c0303736974040801048109020672656d69756d04080104810203056f647563740408010452240107717569636b6c690406010412010772656272616e64040c010303010423030366696e040601047a02066f61737465720406010308080169040c01030d01041001057363616c6504060104260207696d706c696669040601044203036e676c0406010418020370616e040e0104082d0c210d0307656369616c74690406010306020474617274040601040c03066f727974656c04060104770303796c65040e0104042d0c210d02067570706f72740408010481050205797374656d040601044d01047461737404060104700203657874040e0104092d0c210d0203686174040a01042422420301650408010435170401690406010420050172041001030b010417155e0207696d656c657373040601044702016f040c01030e01041d020472616465040801041f6b020375726e04060104720203797065041801040207280707071c07080704076f677261706869040601047f01027765040601043f020468696c65040601042802076f72646d61726b040601044304110f0b0e080d0b080a0f0a0913110d0a090b0b0c100a0b0b0c0d0c0c0e0b0c0d0a0d0c0c0a0b0a0b0b0b0f0809100a0e0d090f0d0d0b0e0b0e0d0e110a0d0b0c0e0a0e0e0b0d0e0e0c0b0e0c09080d0e0b0c0a130e090b');
INSERT INTO "_emdash_fts_projects_data" ("id","block") VALUES (687194767361,X'0000041a0430303030050601030a0102343005060103090101610510010308010417263802026372050601030b04036f7373050601041f02026e640514010303010411332d16080105626c6f636b050e010403270c280b0303756666050601041301056365646172050801048100020768696c6472656e050e010406270c280b02046c656172050601047902066f617374616c05060104120303686573050601047203036c6f72050601044a03086d70726568656e7305060104180303756c64050601041c020472656174050601047002057573746f6d050601046801056465726976050601044b03047369676e050e0103060104303e030576656c6f70050601043a0207697374696e6374050c01031001044903047665727305060104200205757261626c05080104810601046561636805060104460208636f73797374656d050c01031101045302086e636f6d70617373050601040e050475726167050601047503057669726f6e050601042602057870657269050601047304036c6f720506010476010666696e69736805080104810402026f72050e010307010481050403657374050601040f0203726f6d050601044c010467756964050601041d01026832050801042a320203656c70050601044f0208696572617263686905060104450109696d706c656d656e74050601045f02016e0506010456030774657270726574050601046e01086c616e647363617005080104212f02046f63616c050601047e01036d6170050601046a0304726b6572050601046b03047465726905060104410204696e696d050601044302066f64756c6172050601043c01056e6174757205080104251d0303766967050601047a0203656564050601041602056f726d616c050a010405313101057061636966050c01020201040a0302726b050e01030d01040d0a0205726f7669640506010478010272650506010455030473697374050801048103040470656374050601042301067369676e6167050e01030401043d3402046f757263050601047f020370616e051401030e010408270c280b020474617465050c01030c01040c0303796c65050e010404270c280b020675737461696e0508010481080205797374656d051201030501041a171140010474657874050e010409270c280b0203686174050801041b5b030165050c010414122b3004016905060104540303726565050601030f02047261696c050e01020301040b6002037970650518010402072207070723070607010a756e6465727374616e640506010451020173050a01043f0b37010776697369746f72050801041e34040375616c0506010444010777617966696e64050c0103020104190201650506010439030561746865720508010481020305746c616e640506010410020468696368050601045204026c6505080104225701047a6f6e650506010447040a090d090a10100a0d120b0d0a0a0f0a0b0c0c0f0c110b0d0b120f0b0c0c0a0e0d0a0a0b0a0a0f10080e100b0a0b0b0b0d0d0a0a0e0f0d0c090c0b110b110e0e0e120f0b0b080a0f13110a0f0a11080d0c0b0a');
INSERT INTO "_emdash_fts_projects_data" ("id","block") VALUES (824633720833,X'00000ed10430303030050601030a010234300506010309010161011601030901040e120d190d3a010e010426081f3807011601030501040d2b0e090b20011801030501040e08102137050a01100103080104172638020863636f6d70616e69040601044b030172050601030b04036f7373050601041f020464617074030801044f2702046c6c6f77040601044e02016e021201030701040d13340603016401140103050c0104192f1208011001030e01044f3612011601030c01041608270d2211011001041b2f0e0d12100114010303010411332d1608030169010601045402077070726f6163680206010437020172030601047d0201730206010448010601047f010601040d02017401060104530206757468656e74040601042c010462616467040601044c030167040601046a03027365020601045d020365616e040601041a040875746966756c6c6901060104580302657201080104810003046c696566020601041402046c6f636b010e0104032c0c2b0b010e0104032e0c320b010e010403210d2c0c010e0104032d0c210d010e010403270c280b0303756666050601041302036f6c64030601043c0302746804060104460402746c010601045d020472616e640106010303030365616b030801048102040177010e01020301040b3e0503657269010e01030b0104116c03036f7773020801042533020475696c74020601041103017404060104110201790106010443010763616c6c6f7574030601047c03016e010601045b03027265020601047a010601041d030574616c6f67020601042d040565676f7269020601046302046564617205080104810003046c65627203060103090206686172616374020601044a0306696c6472656e010e0104062c0c2b0b010e0104062e0c320b010e010406210d2c0c010e0104062d0c210d010e010406270c280b02046c656172050601047903057574746572020601046502016f010c01020401040c0305617374616c05060104120303666665041201020301030701040b030368657301080104810a040601047203066c6c61626f720406010455060374657204060104600503656374010801048108010601042808026f7202080104810804026f72010601044e01060104590106010444010601047b010601044a03056d6d657263020c010303010420050269740106010414030601041c0502756e02080104810501060104200404706c6574010601030203060103020506726568656e73050601041803056e73657276030601041505036973740306010453010601047e040974656d706f72617269040601044906026e74030601046e0303756c640406010425010601041c020472616674010c01030a010410030601042b0303656174010601043f010801045310020801044042010601047003036f7764010601042a0205756c747572030c01030b01041303037261740206010427030473746f6d01060104760106010479020601046901060104680105646564696303060104100303726976050601044b0304736572760206010418040369676e010c01030701045e010e0103050104360d011201030301042a101834010601046b010e0103060104303e030576656c6f700306010435020601043a0205696666657203060104760106010451030472656374040801041e6b03067374696e637401080104810c040c01031001044905057269627574040601031003047665727305060104200205757261626c050801048106010165020c01030201041f0203616368010601047f010801044639010601044601060104730106010446030472746869010601044d0208636f73797374656d050c01031101045302066469746f7269030c01030201046d02066c656d656e7403080104810102086e636f6d70617373050601040e0504757261670506010475030367616702080104811203057669726f6e050601042608046d656e74030c01030d01041402047175616c020601041902057870616e64040601030904036572690206010457030601047304036c6f7203060104480206010476030474656e64010601047201066665617475720206010470010801048108010601046c0302656c01080104810903080104454003026c7402060104230302726e020c01020201040a0205696e69736805080104810402066c657869626c0306010437010601044f02046f637573010601030c03046c6c6f7704060104150301720106010308010c01030601047c010c01030401041e010e0103040104163c010e010307010481050403657374050601040f0402756d0208010481060203726f6d040601030a010601044c01046761696e04060104130204656e6572030601043e02047261696e01060104450302696403060104720203756964020601047b030601041d01026832010801042f3501080104313c01080104243701080104302b010801042a320201610108010481020108010481100203656c70050601044f03057269746167010601031002086965726172636869050601044502036f6d65020601041b0305757365706c020601031001056964656e74011001030401042017410602696602080104810102066c6c7573747201080104771002056d6d65727302060104550307706c656d656e74050601045f02016e010801041218010601030c010601041b020601045603056372656173020801048111030567726564690106010418030473706972010601044203067465726661630206010467060470726574050601046e04016f0406010475020173010601040d010601040c010601040c03027375030601044701076a6f75726e616c030c01020301040b01086c616e647363617005080104212f040467756167030601045503027267020601044b0304796f75740206010452010601045e0203696b65020601042403026e65040601045303027665030601041a02046f63616c0106010417030601040f010601047e03046e67657203080104810701076d6167617a696e03060103080306696e7461696e0306010451010601042903026b65010801048106030170040601046e010601046a0302726b0106010451030601043605026572050601046b060174010601042b03047465726905060104410204696e696d020601044d030601044302066f64756c61720306010471020601043c03027373020c01020301040b0306756e7461696e031601020201030a01040a0a0f01066e6174696f6e040c01030f01042704027572020601046203080104251d0303766967050601047a0203656564010601041d010601041d02060104210106010416030177010601040f020601044a02046f6d6164040c01020201040a0304726d616c010a0104053634010a010405383b010a0104052c36010a010405372c010a010405313103027465040601047101026f6602080104810b01080104810602016e010601030d01080104124e03036c696e020c01030801040e020770706f7274756e040601047802047267616e020601045103046967696e0408010419560202757401060104270404646f6f72030601030701057061636966050c01020201040a04036b6167010e0103060104670c030601045e03026972010601044903046c657474010601044f010601045a0106010445010601047c0302726b050e01030d01040d0a0204656f706c0306010418020968696c6f736f706869030601045f03036f746f02080104810a0606677261706869020601044c010601046b02046c616e74021801030901040f0a321a21040f02076f72746c616e640106010413030601030c03037369740408010481090206726163746963010801041b650305656d69756d0408010481020305696f726974030601046903056f6475637404080104522404037669640506010478020575626c6963030601040f03026c6c0306010479030572636861730208010481150109717561727465726c69030c01030601040e030569636b6c69040601041203026f74030601047a010472617265020601030d0304746865720206010429020165050601045503056272616e64040c010303010423030366657201060104790402696e040601047a04046c6563740106010422030467696f6e030601044b03047065617402080104811403047369737405080104810304047065637405060104230405747261696e03060104430205687974686d03080104810502066f61737465720406010308080169040c01030d010410010173010601047c020463616c65010601045503060104260204686172650208010481090303696674020601045b03026f70020e01030a0104101d0404776361730206010445020569676e6167050e01030401043d3403066d706c696669040601044203036e676c04060104180302746502080104434e02046f757263010601047d040601047f020470616365030601044004016e010e0104082c0c2b0b010e0104082e0c320b010e010408210d2c0c010e0104082d0c210d011401030e010408270c280b0305656369616c020601030b080274690406010306020474616e64010601042604027274040601040c04027465050c01030c01040c03036f7269030601047705047974656c030601030e01060104770303796c6501100104042c0c2b0b19010e0104042e0c320b010e010404210d2c0c010e0104042d0c210d010e010404270c280b02057562746c69020601045c030570706f72740408010481050305737461696e010c01030e01041a0408010481080205797374656d030801042b10010601044d011201030501041a17114001047461737404060104700203657874010e0104092c0c2b0b01100104092e0c11230b010e010409210d2c0c010e0104092d0c210d010e010409270c280b020368616e020601042a04017401080104215901080104150f010801043a3b010a0104242242010801041b5b03016501100104341e2205090f010e0104133118102a010e01041714261f1c010801043517010c010414122b30040169010601041c010601041c0206010420010601045405017201080104233901080104810c021001030b010417155e0303726565050601030f0205696d626572010e01020201040a3c0405656c657373040601044702016f0108010415460106010444010801041166010c01030e01041d03026f6c020801048102020472616465040801041f6b0502697401060104480402696c050e01020301040b6004056e736c61740106010457040a093e0f080a0c0b0e3c080e0812080d0b08090a0f0a0b330a0a09090b0b0c0e0b0b08080e080e0c0c0c0b0d350b0c0b0c10100d0a100a1d0f0e0f100d0c0f10090f131b0a0f0a1a0c0a0b2f11110c160c0b0d0b1f0b12100e0f0b0b0c0e0b0c0f0f0b1810090c0d120b0b2a0a0a0f0b0b0b090f220f0a0c0f0a0c110a0e0c0e180d0c0b0d0b08120911100b09100a0909150c0e120a0d0e09080b10120c15100f0a190d0e2909100e0d0e0b0c090b0f13091a0d0b100b1214130b0e0d0c0d0a0c090d130c090b0b080f0a090b0b0c0c0b0c0d0d0b08100c0a0d0b100d0a0a100b330c090b090c0a10330c0d151d0b330a222d17190a100c1c0a0c090d');
INSERT INTO "_emdash_fts_projects_data" ("id","block") VALUES (824633720834,X'000001d306307472656174030601047e020375726e040601047202037970650118010402072707070726070607011a0104020729070707250a070607011a010402071c0708072707070715011801040207280707071c070807011801040207220707072307060704076f677261706869030601043d010601047f010a756e6465727374616e64050601045103036971750108010481040303757375020e01030f010416060201700308010481030201730106010416020801043b36020a01043f0b37010476616c7501060104240206697369746f72050801041e34040375616c010601041f0206010454020601044401047761726d010601044c03057966696e64050c010302010419020165010601043e0106010440010801043436010601043f010601043903056174686572050801048102030462736974020c0103040104210305746c616e6405060104100204686572650208010481070303696368050601045204026c6501060104250206010450010601042801080104225704027465030601043f03016f03060104190203697468010801044a2d05036f7574020601046402076f72646d61726b0106010441030601044304016b0106010452010379657401080104810b01047a6f6e650506010447040c0a4d13110b0e09150b0e140b0f1d0d0e0c0c0a1909080b0a13080b');
DELETE FROM "_emdash_fts_projects_docsize";
INSERT INTO "_emdash_fts_projects_docsize" ("id","sz") VALUES (1,X'0000030f810b');
INSERT INTO "_emdash_fts_projects_docsize" ("id","sz") VALUES (2,X'0000020f8114');
INSERT INTO "_emdash_fts_projects_docsize" ("id","sz") VALUES (3,X'0000020d8107');
INSERT INTO "_emdash_fts_projects_docsize" ("id","sz") VALUES (4,X'0000020f8108');
INSERT INTO "_emdash_fts_projects_docsize" ("id","sz") VALUES (5,X'000002108107');
DELETE FROM "_emdash_fts_projects_idx";
INSERT INTO "_emdash_fts_projects_idx" ("segid","term","pgno") VALUES (1,X'',2);
INSERT INTO "_emdash_fts_projects_idx" ("segid","term","pgno") VALUES (2,X'',2);
INSERT INTO "_emdash_fts_projects_idx" ("segid","term","pgno") VALUES (3,X'',2);
INSERT INTO "_emdash_fts_projects_idx" ("segid","term","pgno") VALUES (4,X'',2);
INSERT INTO "_emdash_fts_projects_idx" ("segid","term","pgno") VALUES (5,X'',2);
INSERT INTO "_emdash_fts_projects_idx" ("segid","term","pgno") VALUES (6,X'',2);
INSERT INTO "_emdash_fts_projects_idx" ("segid","term","pgno") VALUES (6,X'30747265',4);
DELETE FROM "_emdash_menu_items";
INSERT INTO "_emdash_menu_items" ("id","menu_id","parent_id","sort_order","type","reference_collection","reference_id","custom_url","label","title_attr","target","css_classes","created_at") VALUES ('01KNAMWTXD78Z2PEAK05J3JQPJ','01KNAMWKK6HF5XGV5T851TF5ME',NULL,0,'custom',NULL,NULL,'/work','Work',NULL,NULL,NULL,'2026-04-03T21:44:55.982Z');
INSERT INTO "_emdash_menu_items" ("id","menu_id","parent_id","sort_order","type","reference_collection","reference_id","custom_url","label","title_attr","target","css_classes","created_at") VALUES ('01KNAMWTXEQ9FX4Y1PGY7AKCWD','01KNAMWKK6HF5XGV5T851TF5ME',NULL,1,'custom',NULL,NULL,'/contact','Contact',NULL,NULL,NULL,'2026-04-03T21:44:55.982Z');
DELETE FROM "_emdash_menus";
INSERT INTO "_emdash_menus" ("id","name","label","created_at","updated_at") VALUES ('01KNAMWKK6HF5XGV5T851TF5ME','primary','Primary Navigation','2026-04-03T21:44:48.486Z','2026-04-03T21:44:48.486Z');
DELETE FROM "_emdash_migrations";
INSERT INTO "_emdash_migrations" ("name","timestamp") VALUES ('001_initial','2026-04-03T21:44:41.002Z');
INSERT INTO "_emdash_migrations" ("name","timestamp") VALUES ('002_media_status','2026-04-03T21:44:41.004Z');
INSERT INTO "_emdash_migrations" ("name","timestamp") VALUES ('003_schema_registry','2026-04-03T21:44:41.007Z');
INSERT INTO "_emdash_migrations" ("name","timestamp") VALUES ('004_plugins','2026-04-03T21:44:41.009Z');
INSERT INTO "_emdash_migrations" ("name","timestamp") VALUES ('005_menus','2026-04-03T21:44:41.011Z');
INSERT INTO "_emdash_migrations" ("name","timestamp") VALUES ('006_taxonomy_defs','2026-04-03T21:44:41.012Z');
INSERT INTO "_emdash_migrations" ("name","timestamp") VALUES ('007_widgets','2026-04-03T21:44:41.014Z');
INSERT INTO "_emdash_migrations" ("name","timestamp") VALUES ('008_auth','2026-04-03T21:44:41.020Z');
INSERT INTO "_emdash_migrations" ("name","timestamp") VALUES ('009_user_disabled','2026-04-03T21:44:41.022Z');
INSERT INTO "_emdash_migrations" ("name","timestamp") VALUES ('011_sections','2026-04-03T21:44:41.024Z');
INSERT INTO "_emdash_migrations" ("name","timestamp") VALUES ('012_search','2026-04-03T21:44:41.026Z');
INSERT INTO "_emdash_migrations" ("name","timestamp") VALUES ('013_scheduled_publishing','2026-04-03T21:44:41.027Z');
INSERT INTO "_emdash_migrations" ("name","timestamp") VALUES ('014_draft_revisions','2026-04-03T21:44:41.028Z');
INSERT INTO "_emdash_migrations" ("name","timestamp") VALUES ('015_indexes','2026-04-03T21:44:41.029Z');
INSERT INTO "_emdash_migrations" ("name","timestamp") VALUES ('016_api_tokens','2026-04-03T21:44:41.033Z');
INSERT INTO "_emdash_migrations" ("name","timestamp") VALUES ('017_authorization_codes','2026-04-03T21:44:41.035Z');
INSERT INTO "_emdash_migrations" ("name","timestamp") VALUES ('018_seo','2026-04-03T21:44:41.037Z');
INSERT INTO "_emdash_migrations" ("name","timestamp") VALUES ('019_i18n','2026-04-03T21:44:41.039Z');
INSERT INTO "_emdash_migrations" ("name","timestamp") VALUES ('020_collection_url_pattern','2026-04-03T21:44:41.040Z');
INSERT INTO "_emdash_migrations" ("name","timestamp") VALUES ('021_remove_section_categories','2026-04-03T21:44:41.045Z');
INSERT INTO "_emdash_migrations" ("name","timestamp") VALUES ('022_marketplace_plugin_state','2026-04-03T21:44:41.047Z');
INSERT INTO "_emdash_migrations" ("name","timestamp") VALUES ('023_plugin_metadata','2026-04-03T21:44:41.049Z');
INSERT INTO "_emdash_migrations" ("name","timestamp") VALUES ('024_media_placeholders','2026-04-03T21:44:41.050Z');
INSERT INTO "_emdash_migrations" ("name","timestamp") VALUES ('025_oauth_clients','2026-04-03T21:44:41.051Z');
INSERT INTO "_emdash_migrations" ("name","timestamp") VALUES ('026_cron_tasks','2026-04-03T21:44:41.053Z');
INSERT INTO "_emdash_migrations" ("name","timestamp") VALUES ('027_comments','2026-04-03T21:44:41.058Z');
INSERT INTO "_emdash_migrations" ("name","timestamp") VALUES ('028_drop_author_url','2026-04-03T21:44:41.062Z');
INSERT INTO "_emdash_migrations" ("name","timestamp") VALUES ('029_redirects','2026-04-03T21:44:41.064Z');
INSERT INTO "_emdash_migrations" ("name","timestamp") VALUES ('030_widen_scheduled_index','2026-04-03T21:44:41.065Z');
INSERT INTO "_emdash_migrations" ("name","timestamp") VALUES ('031_bylines','2026-04-03T21:44:41.067Z');
INSERT INTO "_emdash_migrations" ("name","timestamp") VALUES ('032_rate_limits','2026-04-03T21:44:41.069Z');
DELETE FROM "_emdash_migrations_lock";
INSERT INTO "_emdash_migrations_lock" ("id","is_locked") VALUES ('migration_lock',0);
DELETE FROM "_emdash_taxonomy_defs";
INSERT INTO "_emdash_taxonomy_defs" ("id","name","label","label_singular","hierarchical","collections","created_at") VALUES ('taxdef_category','category','Categories','Category',1,'["posts"]','2026-04-03 21:44:41');
INSERT INTO "_emdash_taxonomy_defs" ("id","name","label","label_singular","hierarchical","collections","created_at") VALUES ('taxdef_tag','tag','Tags','Tag',0,'["posts"]','2026-04-03 21:44:41');
DELETE FROM "content_taxonomies";
INSERT INTO "content_taxonomies" ("collection","entry_id","taxonomy_id") VALUES ('projects','01KNAMWTWJWN3B9SA8SZGS1ZZC','01KNAMWKJNS32858R6GSZM2PWM');
INSERT INTO "content_taxonomies" ("collection","entry_id","taxonomy_id") VALUES ('projects','01KNAMWTWJWN3B9SA8SZGS1ZZC','01KNAMWKJQGJN0DJ37WS7ZBM9E');
INSERT INTO "content_taxonomies" ("collection","entry_id","taxonomy_id") VALUES ('projects','01KNAMWTWJWN3B9SA8SZGS1ZZC','01KNAMWKK20DZ3GN8EKDYG4JD6');
INSERT INTO "content_taxonomies" ("collection","entry_id","taxonomy_id") VALUES ('projects','01KNAMWTWJWN3B9SA8SZGS1ZZC','01KNAMWKK29TV7G0V04Y3T16TE');
INSERT INTO "content_taxonomies" ("collection","entry_id","taxonomy_id") VALUES ('projects','01KNAMWTWJWN3B9SA8SZGS1ZZC','01KNAMWKK55JCEFG6VHHCHSDNV');
INSERT INTO "content_taxonomies" ("collection","entry_id","taxonomy_id") VALUES ('projects','01KNAMWTWVZZ2HHREYTW9WKSAS','01KNAMWKJPSK3NTXSDBES00KHW');
INSERT INTO "content_taxonomies" ("collection","entry_id","taxonomy_id") VALUES ('projects','01KNAMWTWVZZ2HHREYTW9WKSAS','01KNAMWKK3SBG6M5QZ2FN1606R');
INSERT INTO "content_taxonomies" ("collection","entry_id","taxonomy_id") VALUES ('projects','01KNAMWTWVZZ2HHREYTW9WKSAS','01KNAMWKK5Q4RK8NEJW1ECQXCV');
INSERT INTO "content_taxonomies" ("collection","entry_id","taxonomy_id") VALUES ('projects','01KNAMWTX1Z06SG557P7STKCRF','01KNAMWKJQGJN0DJ37WS7ZBM9E');
INSERT INTO "content_taxonomies" ("collection","entry_id","taxonomy_id") VALUES ('projects','01KNAMWTX1Z06SG557P7STKCRF','01KNAMWKK4V6BHCJ1R6R8FKC8P');
INSERT INTO "content_taxonomies" ("collection","entry_id","taxonomy_id") VALUES ('projects','01KNAMWTX1Z06SG557P7STKCRF','01KNAMWKK5Q4RK8NEJW1ECQXCV');
INSERT INTO "content_taxonomies" ("collection","entry_id","taxonomy_id") VALUES ('projects','01KNAMWTX8RF6YXAX6Q713AWSX','01KNAMWKJNS32858R6GSZM2PWM');
INSERT INTO "content_taxonomies" ("collection","entry_id","taxonomy_id") VALUES ('projects','01KNAMWTX8RF6YXAX6Q713AWSX','01KNAMWKJQGJN0DJ37WS7ZBM9E');
INSERT INTO "content_taxonomies" ("collection","entry_id","taxonomy_id") VALUES ('projects','01KNAMWTX8RF6YXAX6Q713AWSX','01KNAMWKK20DZ3GN8EKDYG4JD6');
INSERT INTO "content_taxonomies" ("collection","entry_id","taxonomy_id") VALUES ('projects','01KNAMWTX8RF6YXAX6Q713AWSX','01KNAMWKK29TV7G0V04Y3T16TE');
INSERT INTO "content_taxonomies" ("collection","entry_id","taxonomy_id") VALUES ('projects','01KNAMWTX8RF6YXAX6Q713AWSX','01KNAMWKK55JCEFG6VHHCHSDNV');
INSERT INTO "content_taxonomies" ("collection","entry_id","taxonomy_id") VALUES ('projects','01KNAMWTXAFRZTDJPDN03Y38AJ','01KNAMWKJQGJN0DJ37WS7ZBM9E');
INSERT INTO "content_taxonomies" ("collection","entry_id","taxonomy_id") VALUES ('projects','01KNAMWTXAFRZTDJPDN03Y38AJ','01KNAMWKK33FT2JE6G2KCA33ZX');
INSERT INTO "content_taxonomies" ("collection","entry_id","taxonomy_id") VALUES ('projects','01KNAMWTXAFRZTDJPDN03Y38AJ','01KNAMWKK5Q4RK8NEJW1ECQXCV');
DELETE FROM "ec_pages";
INSERT INTO "ec_pages" ("id","slug","status","author_id","primary_byline_id","created_at","updated_at","published_at","scheduled_at","deleted_at","version","live_revision_id","draft_revision_id","locale","translation_group","title","content") VALUES ('01KNAMWTW9VMBSWT89XYQM62F3','about','published',NULL,NULL,'2026-04-03T21:44:55.947Z','2026-04-03T21:44:55.947Z','2026-04-03T21:44:55.945Z',NULL,NULL,1,NULL,NULL,'en','01KNAMWTW9VMBSWT89XYQM62F3','About','[{"_type":"block","style":"normal","children":[{"_type":"span","text":"Craft & Co is a Portland design studio founded in 2019. We believe great design starts with listening — to your story, your customers, and the details that make your brand uniquely yours. We work with food & beverage, outdoor, and lifestyle brands."}]},{"_type":"block","style":"normal","children":[{"_type":"span","text":"Our approach is rooted in craft and intention. We spend time understanding what makes your business different, then we create visual identities and experiences that feel genuine and memorable. Every project is a collaboration."}]},{"_type":"block","style":"h2","children":[{"_type":"span","text":"What we do"}]},{"_type":"block","style":"normal","children":[{"_type":"span","text":"We specialize in brand identity design, web design, packaging design, and custom illustration. Whether you''re launching a new brand or refreshing an established one, we bring the same level of care and attention to detail."}]}]');
DELETE FROM "ec_projects";
INSERT INTO "ec_projects" ("id","slug","status","author_id","primary_byline_id","created_at","updated_at","published_at","scheduled_at","deleted_at","version","live_revision_id","draft_revision_id","locale","translation_group","title","featured_image","client","year","summary","content","gallery","url") VALUES ('01KNAMWTWJWN3B9SA8SZGS1ZZC','timber-brewing-co','published',NULL,NULL,'2026-04-03T21:44:55.954Z','2026-04-03T21:44:55.954Z','2026-04-03T21:44:55.954Z',NULL,NULL,1,NULL,NULL,'en','01KNAMWTWJWN3B9SA8SZGS1ZZC','Timber Brewing Co','https://images.unsplash.com/photo-1558642452-9d2a7deb7f62?w=1200&h=900&fit=crop','Timber Brewing Co','2024','Complete brand identity and packaging design for a craft brewery focused on sustainability and heritage.','[{"_type":"block","style":"normal","children":[{"_type":"span","text":"Timber Brewing Co is a new craft brewery in Portland committed to using local ingredients and sustainable practices. They needed a visual identity that reflected their values while standing out in a crowded market."}]},{"_type":"block","style":"h2","children":[{"_type":"span","text":"The identity"}]},{"_type":"block","style":"normal","children":[{"_type":"span","text":"We created a wordmark inspired by timber grain and brewing tradition, paired with a warm, earthy color palette. The mark works at any scale and translates beautifully to their can and bottle designs."}]},{"_type":"block","style":"h2","children":[{"_type":"span","text":"Packaging"}]},{"_type":"block","style":"normal","children":[{"_type":"span","text":"The packaging extends the identity with custom illustrations that reference the brewery''s sourcing practices. Each beer style has a unique illustration, making the collection feel cohesive yet distinct."}]}]',NULL,'https://timberbrewing.example.com');
INSERT INTO "ec_projects" ("id","slug","status","author_id","primary_byline_id","created_at","updated_at","published_at","scheduled_at","deleted_at","version","live_revision_id","draft_revision_id","locale","translation_group","title","featured_image","client","year","summary","content","gallery","url") VALUES ('01KNAMWTWVZZ2HHREYTW9WKSAS','fern-and-moss','published',NULL,NULL,'2026-04-03T21:44:55.963Z','2026-04-03T21:44:55.963Z','2026-04-03T21:44:55.963Z',NULL,NULL,1,NULL,NULL,'en','01KNAMWTWVZZ2HHREYTW9WKSAS','Fern & Moss','https://images.unsplash.com/photo-1459411552884-841db9b3cc2a?w=1200&h=900&fit=crop','Fern & Moss','2024','E-commerce website design for an online plant shop specializing in rare and unusual houseplants.','[{"_type":"block","style":"normal","children":[{"_type":"span","text":"Fern & Moss is an online plant shop built on the belief that unusual plants deserve equally unusual homes. They needed an e-commerce website that felt like browsing a curated collection rather than shopping a catalog."}]},{"_type":"block","style":"h2","children":[{"_type":"span","text":"Design approach"}]},{"_type":"block","style":"normal","children":[{"_type":"span","text":"We designed the site to showcase each plant as a character. Large photography, minimal text, and an organic layout create an immersive browsing experience. The color palette shifts subtly based on plant type, creating natural categories without cluttering the interface."}]},{"_type":"block","style":"h2","children":[{"_type":"span","text":"Features"}]},{"_type":"block","style":"normal","children":[{"_type":"span","text":"Custom care guides for each plant, a plant identification tool, and a community forum where collectors share photos of their plants. The site has increased engagement and repeat purchases."}]}]',NULL,'https://fernandmoss.example.com');
INSERT INTO "ec_projects" ("id","slug","status","author_id","primary_byline_id","created_at","updated_at","published_at","scheduled_at","deleted_at","version","live_revision_id","draft_revision_id","locale","translation_group","title","featured_image","client","year","summary","content","gallery","url") VALUES ('01KNAMWTX1Z06SG557P7STKCRF','mountain-journal','published',NULL,NULL,'2026-04-03T21:44:55.969Z','2026-04-03T21:44:55.969Z','2026-04-03T21:44:55.969Z',NULL,NULL,1,NULL,NULL,'en','01KNAMWTX1Z06SG557P7STKCRF','Mountain Journal','https://images.unsplash.com/photo-1506880018603-83d5b814b5a6?w=1200&h=900&fit=crop','Mountain Journal','2023','Editorial design for a quarterly outdoor magazine celebrating mountain culture and environmental storytelling.','[{"_type":"block","style":"normal","children":[{"_type":"span","text":"Mountain Journal is a quarterly publication dedicated to mountain culture, environmental conservation, and the people who live in and care for mountain communities."}]},{"_type":"block","style":"h2","children":[{"_type":"span","text":"The design system"}]},{"_type":"block","style":"normal","children":[{"_type":"span","text":"We developed a flexible design system that uses bold typography, generous white space, and a restrained color palette. Each issue explores a new region, and the design adapts while maintaining a consistent visual language."}]},{"_type":"block","style":"h2","children":[{"_type":"span","text":"Layout philosophy"}]},{"_type":"block","style":"normal","children":[{"_type":"span","text":"We prioritize the photography and editorial content, using a modular grid that adapts to different story types. Pull quotes and callouts are treated as design elements, breaking up the rhythm of longer features."}]}]',NULL,NULL);
INSERT INTO "ec_projects" ("id","slug","status","author_id","primary_byline_id","created_at","updated_at","published_at","scheduled_at","deleted_at","version","live_revision_id","draft_revision_id","locale","translation_group","title","featured_image","client","year","summary","content","gallery","url") VALUES ('01KNAMWTX8RF6YXAX6Q713AWSX','nomad-coffee','published',NULL,NULL,'2026-04-03T21:44:55.976Z','2026-04-03T21:44:55.976Z','2026-04-03T21:44:55.976Z',NULL,NULL,1,NULL,NULL,'en','01KNAMWTX8RF6YXAX6Q713AWSX','Nomad Coffee','https://images.unsplash.com/photo-1447933601403-0c6688de566e?w=1200&h=900&fit=crop','Nomad Coffee','2023','Complete rebrand for a specialty coffee roaster expanding from their Portland roastery to national distribution.','[{"_type":"block","style":"normal","children":[{"_type":"span","text":"Nomad Coffee started as a local roastery but quickly gained a following for their single-origin beans and commitment to direct trade. They needed a rebrand that could scale nationally while maintaining their craft authenticity."}]},{"_type":"block","style":"h2","children":[{"_type":"span","text":"The mark"}]},{"_type":"block","style":"normal","children":[{"_type":"span","text":"We created a simplified wordmark that feels both timeless and contemporary. The accompanying badge system allows flexibility for different product lines and collaborations."}]},{"_type":"block","style":"h2","children":[{"_type":"span","text":"Packaging and collateral"}]},{"_type":"block","style":"normal","children":[{"_type":"span","text":"Custom bag designs feature origin maps and tasting notes, turning each product into a storytelling opportunity. A refined color palette and consistent typography create a premium feel that supports their direct trade positioning."}]}]',NULL,'https://nomadcoffee.example.com');
INSERT INTO "ec_projects" ("id","slug","status","author_id","primary_byline_id","created_at","updated_at","published_at","scheduled_at","deleted_at","version","live_revision_id","draft_revision_id","locale","translation_group","title","featured_image","client","year","summary","content","gallery","url") VALUES ('01KNAMWTXAFRZTDJPDN03Y38AJ','pacific-trails','published',NULL,NULL,'2026-04-03T21:44:55.979Z','2026-04-03T21:44:55.979Z','2026-04-03T21:44:55.978Z',NULL,NULL,1,NULL,NULL,'en','01KNAMWTXAFRZTDJPDN03Y38AJ','Pacific Trails','https://images.unsplash.com/photo-1441974231531-c6227db76b6e?w=1200&h=900&fit=crop','Pacific Trails State Park','2023','Wayfinding and signage system design for a 40,000-acre state park spanning three distinct ecosystems.','[{"_type":"block","style":"normal","children":[{"_type":"span","text":"Pacific Trails State Park encompasses forests, wetlands, and coastal bluffs. The park needed a comprehensive wayfinding system that could guide visitors across diverse landscapes while respecting the natural environment."}]},{"_type":"block","style":"h2","children":[{"_type":"span","text":"System design"}]},{"_type":"block","style":"normal","children":[{"_type":"span","text":"We developed a modular signage system using natural materials and minimal visual hierarchy. Each zone uses distinct colors derived from the landscape, helping visitors understand which ecosystem they''re in."}]},{"_type":"block","style":"h2","children":[{"_type":"span","text":"Implementation"}]},{"_type":"block","style":"normal","children":[{"_type":"span","text":"Custom trail maps, marker designs, and interpretive signage create a cohesive experience that encourages exploration while providing clear navigation. The system uses locally-sourced cedar and weather-resistant finishes for durability and sustainability."}]}]',NULL,NULL);
DELETE FROM "options";
INSERT INTO "options" ("name","value") VALUES ('site:title','"Craft & Co Studio"');
INSERT INTO "options" ("name","value") VALUES ('site:tagline','"Design with intention"');
INSERT INTO "options" ("name","value") VALUES ('emdash:exclusive_hook:email:deliver','"emdash-console-email"');
INSERT INTO "options" ("name","value") VALUES ('emdash:exclusive_hook:comment:moderate','"emdash-default-comment-moderator"');
DELETE FROM "taxonomies";
INSERT INTO "taxonomies" ("id","name","slug","label","parent_id","data") VALUES ('01KNAMWKJNS32858R6GSZM2PWM','category','branding','Branding',NULL,NULL);
INSERT INTO "taxonomies" ("id","name","slug","label","parent_id","data") VALUES ('01KNAMWKJPSK3NTXSDBES00KHW','category','web','Web Design',NULL,NULL);
INSERT INTO "taxonomies" ("id","name","slug","label","parent_id","data") VALUES ('01KNAMWKJQGJN0DJ37WS7ZBM9E','category','print','Print',NULL,NULL);
INSERT INTO "taxonomies" ("id","name","slug","label","parent_id","data") VALUES ('01KNAMWKK16N3P78SJDY67CWHT','category','illustration','Illustration',NULL,NULL);
INSERT INTO "taxonomies" ("id","name","slug","label","parent_id","data") VALUES ('01KNAMWKK20DZ3GN8EKDYG4JD6','tag','identity','Identity',NULL,NULL);
INSERT INTO "taxonomies" ("id","name","slug","label","parent_id","data") VALUES ('01KNAMWKK29TV7G0V04Y3T16TE','tag','packaging','Packaging',NULL,NULL);
INSERT INTO "taxonomies" ("id","name","slug","label","parent_id","data") VALUES ('01KNAMWKK3SBG6M5QZ2FN1606R','tag','ecommerce','E-commerce',NULL,NULL);
INSERT INTO "taxonomies" ("id","name","slug","label","parent_id","data") VALUES ('01KNAMWKK33FT2JE6G2KCA33ZX','tag','wayfinding','Wayfinding',NULL,NULL);
INSERT INTO "taxonomies" ("id","name","slug","label","parent_id","data") VALUES ('01KNAMWKK4V6BHCJ1R6R8FKC8P','tag','editorial','Editorial',NULL,NULL);
INSERT INTO "taxonomies" ("id","name","slug","label","parent_id","data") VALUES ('01KNAMWKK55JCEFG6VHHCHSDNV','tag','beverage','Beverage',NULL,NULL);
INSERT INTO "taxonomies" ("id","name","slug","label","parent_id","data") VALUES ('01KNAMWKK5Q4RK8NEJW1ECQXCV','tag','lifestyle','Lifestyle',NULL,NULL);
PRAGMA foreign_keys=ON;
